CREATE DATABASE QUANLYNHANSU_6
GO 
USE QUANLYNHANSU_6
GO
CREATE TABLE PHONGBAN6(
	MAPB NVARCHAR(20) NOT NULL PRIMARY KEY,
	TENPB NVARCHAR(30),
	NGAYTL DATETIME
)
GO
CREATE TABLE CHUCVU6(
	MACV NVARCHAR(20) NOT NULL PRIMARY KEY,
	TENCV NVARCHAR(30) NOT NULL,
	HESOPC FLOAT
)
GO
CREATE TABLE HOSO6(
	MANV NVARCHAR(20) NOT NULL PRIMARY KEY,
	HOTEN NVARCHAR(50) NOT NULL,
	NGAYSINH DATE,
	GIOITINH NVARCHAR(5),
	SODT NVARCHAR(15),
	EMAIL NVARCHAR(50),
	NGAYTD DATETIME,
	MAPB NVARCHAR(20),
	TAIKHOAN NVARCHAR(20),
	MATKHAU NVARCHAR(20),
	QUYEN NVARCHAR(10),
	CONSTRAINT FK_HOSO6_PHONGBAN6 FOREIGN KEY (MAPB) REFERENCES PHONGBAN6(MAPB),
)
GO
CREATE TABLE TRINHDOCHUYENMON6(
	MANV NVARCHAR(20) NOT NULL,
	NGANH NVARCHAR(20) NOT NULL,
	TRINHDO NVARCHAR(30),
	LOAIHINHDT NVARCHAR(30),
	TRUONGDT NVARCHAR(50),
	CONSTRAINT PK_TRINHDOCHUYENMON6 PRIMARY KEY(NGANH,MANV),
	CONSTRAINT FK_TRINHDOCHUYENMON6_HOSO6 FOREIGN KEY (MANV) REFERENCES HOSO6(MANV),
)
GO 
CREATE TABLE TRINHDONGOAINGU6(
	MANV NVARCHAR(20) NOT NULL,
	NGOAINGU NVARCHAR(20) NOT NULL,
	TRINHDO NVARCHAR(20),
	CONSTRAINT PK_TRINHDONGOAINGU6 PRIMARY KEY(MANV,NGOAINGU),
	CONSTRAINT FK_TRINHDONGOAINGU6_HOSO6 FOREIGN KEY (MANV) REFERENCES HOSO6(MANV)
)
GO
CREATE TABLE QUATRINHCONGTAC6(
	MANV NVARCHAR(20) NOT NULL,
	TUNGAY DATE,
	DENNGAY DATE,
	NOICONGTAC NVARCHAR(50),
	CHUCVU NVARCHAR(20),
	CONSTRAINT PK_QUATRINHCONGTAC6 PRIMARY KEY(MANV,TUNGAY),
	CONSTRAINT FK_QUATRINHCONGTAC6_HOSO6 FOREIGN KEY (MANV) REFERENCES HOSO6(MANV)
)
GO
CREATE TABLE NHANVIEN_CHUCVU6(
	MANV NVARCHAR(20) NOT NULL,
	MACV NVARCHAR(20) NOT NULL,
	TUNGAY DATE NOT NULL,
	DENNGAY DATE,
	CONSTRAINT PK_NHANVIEN_CHUCVU6 PRIMARY KEY(MANV,MACV,TUNGAY),
	CONSTRAINT FK_NHANVIEN_CHUCVU6_HOSO6 FOREIGN KEY (MANV) REFERENCES HOSO6(MANV),
	CONSTRAINT FK_NHANVIEN_CHUCVU6_CHUCVU6 FOREIGN KEY (MACV) REFERENCES CHUCVU6(MACV)
)
GO
INSERT INTO PHONGBAN6 VALUES('PB1',N'KINH DOANH','2017-6-6')
INSERT INTO PHONGBAN6 VALUES('PB2',N'TÀI CHÍNH','2017-7-16')
INSERT INTO PHONGBAN6 VALUES('PB3',N'KẾ TOÁN','2017-7-15')
INSERT INTO PHONGBAN6 VALUES('PB4',N'TUYỂN DỤNG','2017-6-6')
GO
INSERT INTO CHUCVU6 VALUES('CV1',N'NHÂN VIÊN',0.5)
INSERT INTO CHUCVU6 VALUES('CV2',N'TRƯỞNG PHÒNG',1.5)
INSERT INTO CHUCVU6 VALUES('CV3',N'GIÁM ĐỐC',2)
INSERT INTO CHUCVU6 VALUES('CV4',N'KĨ SƯ',1.25)
INSERT INTO CHUCVU6 VALUES('CV5',N'BẢO VỆ',0.5)
GO
INSERT INTO HOSO6 VALUES('NV1',N'TRẦN QUANG TRƯỜNG','1999-03-15',N'NAM','0914026267','ABC@GMAIL.COM','2020-1-1','PB1','TRUONG123','1234','ADMIN')
INSERT INTO HOSO6 VALUES('NV2',N'BÙI NGỌC HẢI','1999-03-4',N'NAM','0914026261','BUINGOCHAI@GMAIL.COM','2019-2-3','PB2','HAI321','1234','ADMIN')
INSERT INTO HOSO6 VALUES('NV3',N'NGUYỄN VĂN HƯNG','1993-02-1',N'NAM','0914026262','HUNG123@GMAIL.COM','2018-1-21','PB3','HUNGCUBE','1234','NHANVIEN')
INSERT INTO HOSO6 VALUES('NV4',N'PHAN THÀNH TRUNG','1996-09-3',N'NAM','0914026263','TRUNG321@GMAIL.COM','2019-12-1','PB4','TRUNG321','1234','ADMIN')
INSERT INTO HOSO6 VALUES('NV5',N'NGUYỄN THỊ ÁNH','1992-03-25',N'NỮ','0914026264','ANHCUTEGMAIL.COM','2019-12-1','PB1','ANHNV','1234','NHANVIEN')
INSERT INTO HOSO6 VALUES('NV6',N'ĐOÀN MAI NGỌC','1993-02-15',N'NỮ','0914026265','NGOCCUBE@GMAIL.COM','2020-3-1','PB2','NGOCAD','1234','NHANVIEN')
INSERT INTO HOSO6 VALUES('NV7',N'TRẦN VIỆT HÙNG','1994-04-5',N'NAM','0914026266','HUNGDZ@GMAIL.COM','2020-5-11','PB3','HUNGNV','1234','NHANVIEN')
INSERT INTO HOSO6 VALUES('NV8',N'HOÀNG XUÂN BÁCH','1989-03-4',N'NAM','0914026268','BACHTRYMB@GMAIL.COM','2020-2-12','PB2','BACHNV','1234','NHANVIEN')
INSERT INTO HOSO6 VALUES('NV9',N'VŨ ĐỨC THỌ','1990-12-5',N'NAM','0914026269','THOYSL@GMAIL.COM','2019-8-1','PB1','THONV','1234','NHANVIEN')
INSERT INTO HOSO6 VALUES('NV10',N'TRẦN HẢI ĐĂNG','1991-10-24',N'NAM','0914026270','DANGDAMDANG@GMAIL.COM','2020-9-3','PB4','DANGNV','1234','NHANVIEN')
GO 
INSERT INTO TRINHDOCHUYENMON6 VALUES('NV1',N'QUẢN TRỊ KINH DOANH',N'ĐẠI HỌC',N'KĨ SƯ',N'ĐẠI HỌC CÔNG NGHIỆP HÀ NỘI')
INSERT INTO TRINHDOCHUYENMON6 VALUES('NV2',N'TÀI CHÍNH NGÂN HÀNG',N'ĐẠI HỌC',N'CỬ NHÂN',N'HỌC VIÊN NGÂN HÀNG')
INSERT INTO TRINHDOCHUYENMON6 VALUES('NV3',N'KẾ TOÁN',N'ĐẠI HỌC',N'CỬ NHÂN',N'ĐẠI HỌC CÔNG NGHIỆP HÀ NỘI')
INSERT INTO TRINHDOCHUYENMON6 VALUES('NV4',N'QUẢN TRỊ NHÂN LỰC',N'ĐẠI HỌC',N'KĨ SƯ',N'ĐẠI HỌC CÔNG NGHIỆP HÀ NỘI')
INSERT INTO TRINHDOCHUYENMON6 VALUES('NV5',N'CÔNG NGHỆ THÔNG TIN',N'CAO ĐẲNG',N'LIÊN THÔNG ĐH',N'ĐẠI HỌC CÔNG NGHIỆP HÀ NỘI')
INSERT INTO TRINHDOCHUYENMON6 VALUES('NV6',N'KẾ TOÁN',N'ĐẠI HỌC',N'KĨ SƯ',N'ĐẠI HỌC CÔNG NGHIỆP HÀ NỘI')
INSERT INTO TRINHDOCHUYENMON6 VALUES('NV7',N'CƠ KHÍ',N'ĐẠI HỌC',N'KĨ SƯ',N'ĐẠI HỌC BÁCH KHOA HÀ NỘI')
INSERT INTO TRINHDOCHUYENMON6 VALUES('NV8',N'NGÔN NGỮ ANH',N'ĐẠI HỌC',N'KĨ SƯ',N'ĐẠI HỌC HÀ NỘI')
INSERT INTO TRINHDOCHUYENMON6 VALUES('NV9',N'KIỂM TOÁN',N'ĐẠI HỌC',N'KĨ SƯ',N'ĐẠI HỌC KINH TẾ QUỐC DÂN')
INSERT INTO TRINHDOCHUYENMON6 VALUES('NV10',N'KIỂM TOÁN',N'ĐẠI HỌC','KĨ SƯ','ĐẠI HỌC CÔNG NGHIỆP HÀ NỘI')
GO
INSERT INTO TRINHDONGOAINGU6 VALUES()


